<?xml version="1.0" encoding="UTF-8"?>
<?xml-model href="http://livingstoneonline.github.io/LEAP-ODD/leap.rng" type="application/xml" schematypens="http://relaxng.org/ns/structure/1.0"?>
<?xml-model href="http://livingstoneonline.github.io/LEAP-ODD/leap.rng" type="application/xml" schematypens="http://purl.oclc.org/dsdl/schematron"?>
 <?xml-stylesheet href="http://livingstoneonline.github.io/LEAP-XSLT/transcription.xsl" type="text/xsl"?>
<TEI xmlns="http://www.tei-c.org/ns/1.0" xml:id="liv_000877"><!-- Change @xml:id -->
    <teiHeader>
        <fileDesc>
            <titleStmt>
                <title>Letter to Thomas Maclear, 15 February, 2 March 1856</title><!-- Change -->
                <author>David Livingstone</author>
                <principal>Adrian S. Wisnicki</principal>
                <principal>Christopher Lawrence</principal>
                <respStmt xml:id="JM"><!-- Add or remove individuals from the list as appropriate -->
                    <name>Jared McDonald</name><!-- Change -->
                    <resp>Transcription</resp><!-- Change, remove, or add more <resp> as appropriate -->
                    <resp>Encoding</resp>
                </respStmt>
                <respStmt xml:id="AA">
                    <name>Angela Aliff</name>
                    <resp>Transcription</resp>
                    <resp>Encoding</resp>
                </respStmt>
                <respStmt xml:id="AM">
                    <name>Anne Martin</name>
                    <resp>Transcription</resp>
                    <resp>Encoding</resp>
                </respStmt>
                <respStmt xml:id="AW">
                    <name>Adrian S. Wisnicki</name>
                    <resp>Coding review</resp>
                </respStmt>
            </titleStmt>	
            <publicationStmt>
                <authority>Livingstone Online</authority>
                <publisher>University of Maryland Libraries</publisher>
                <pubPlace>College Park, MD, USA</pubPlace>
                <date>2016</date><!-- Change if necessary -->
                <idno type="LEAP-ID">liv_000877</idno><!-- Change -->
            </publicationStmt>
            <sourceDesc>
                <msDesc>
                    <msIdentifier>
                        <country>South Africa</country><!-- Change as needed -->
                        <settlement>Cape Town</settlement><!-- Change as needed -->
                        <repository>National Library of South Africa</repository><!-- Change as needed -->
                        <idno type="shelfmark"></idno><!-- Change as needed -->
                        <altIdentifier>
                            <idno type="ccnumber">Letters, 0394</idno><!-- This the CC number; change, as appropriate -->
                        </altIdentifier>
                    </msIdentifier>
                    <physDesc>
                        <handDesc>
                            <handNote xml:id="U"><label>Unknown Hand</label> This hand is unknown
                                but thought not David Livingstone's.</handNote>
                        </handDesc>
                    </physDesc>
                </msDesc>
                <bibl type="sourceMetadata">
                    <title>Letter to Thomas Maclear, 15 February, 2 March 1856</title><!-- Change -->
                    <author xml:id="DL">David Livingstone</author>
                    <date type="composition" when="1856-03-02">2 March 1856</date><!-- Change -->
                    <placeName type="compositionPlace">Near Tete or Nyunkwe-Tete</placeName><!-- Change -->
                    <persName type="addressee">Thomas Maclear</persName><!-- Change -->
                </bibl>
            </sourceDesc>
        </fileDesc>
        <profileDesc>
            <langUsage>
                <language ident="en">English</language>
				<!-- See LEAP encoding manual sect. 20 for language abbreviations. English should be first,
				then add all other languages, as appropriate, in alphabetical order. -->
            </langUsage>
        </profileDesc>
        <revisionDesc>
            <change when="2016-02-14" who="#AM">Initial transcription and XML encoding</change>
			<!-- Note that @who initials are taken from <respStmt> above -->
			<!-- Most recent <change> should always be placed first -->
        </revisionDesc>
    </teiHeader>

    <text>
        <body>
            <div>
               
	<pb facs="liv_000877_0001" n="0001"/><!-- Change both @facs and @n -->
	<!-- Start each page with a <pb> formatted as above -->

<!-- If this is a letter or similar with an opener (with content such as dateline and/or salute) add it. For example: -->

<lb/><opener><dateline rend="right"><placeName>Hadley Green</placeName> <date when="1857-08-22">22 August<!-- Change line info as appropriate --><!-- Begin each line with <lb/> as here --> 
<lb/>1857</date></dateline><!-- Change line info as appropriate -->
<lb/>    
<lb/><salute>My Dear Sir,</salute></opener><!-- Change line info as appropriate -->



<lb/><p><!-- Begin transcribed text here --></p>

<!-- More transcribed text -->


<!-- If there is a letter or similar with a closer with content such as salute or signed -->
<lb/><closer><salute>I am &amp;</salute><!-- Change as appropriate -->
<lb/><signed><persName>David Livingstone</persName></signed></closer><!-- Change as appropriate --> 



            </div>
        </body>
    </text>

</TEI>
