<?xml version="1.0" encoding="UTF-8"?>
<?xml-model href="http://livingstoneonline.github.io/LEAP-ODD/leap.rng" type="application/xml" schematypens="http://relaxng.org/ns/structure/1.0"?>
<?xml-model href="http://livingstoneonline.github.io/LEAP-ODD/leap.rng" type="application/xml" schematypens="http://purl.oclc.org/dsdl/schematron"?>
<?xml-stylesheet href="http://livingstoneonline.github.io/LEAP-XSLT/transcription-omv.xsl" type="text/xsl"?>
<TEI xmlns="http://www.tei-c.org/ns/1.0" xml:id="liv_000074"><!-- Change @xml:id -->
    <teiHeader>
        <fileDesc>
            <titleStmt>
                <title>Extract from Diary</title><!-- Change -->
                <title type="alternate">Extract from Diary, May-June 1873</title><!-- Change; note addition of date -->
                <author>Wainwright, Jacob, ?-1892</author><!-- Change -->
                <principal>Adrian S. Wisnicki</principal>
                <respStmt xml:id="AM">
                    <name>Anne Martin</name>
                    <resp>Transcription</resp>
                    <resp>TEI Encoding</resp>
                    <resp>Editorial Decisions</resp>
					<resp>Proofing</resp>
					<resp>Coding Review</resp>
                </respStmt>
				<respStmt xml:id="HB">
                    <name>Heather F. Ball</name>
                    <resp>Transcription</resp>
                    <resp>TEI Encoding</resp>
                    <resp>Editorial Decisions</resp>
					<resp>Proofing</resp>
					<resp>Coding Review</resp>
                </respStmt>
                <respStmt xml:id="AW">
                    <name>Adrian S. Wisnicki</name>
                    <resp>Transcription</resp>
                    <resp>TEI Encoding</resp>
                    <resp>Editorial Decisions</resp>
					<resp>Proofing</resp>
					<resp>Coding Review</resp>
                </respStmt>
            </titleStmt>
            <publicationStmt>
                <authority>Livingstone Online</authority>
                <publisher>University of Maryland Libraries</publisher>
                <pubPlace>College Park, MD, USA</pubPlace>
                <date>2018</date><!-- Change if necessary -->
                <idno type="LEAP-ID">liv_000074</idno><!-- Change -->
            </publicationStmt>
            <sourceDesc>
                <msDesc>
                    <msIdentifier>
                        <country>United Kingdom</country><!-- Change as needed -->
                        <settlement>Blantyre</settlement><!-- Change as needed -->
                        <repository>David Livingstone Centre</repository><!-- Change as needed -->
                        <idno type="shelfmark">801</idno><!-- Change as needed -->
                    </msIdentifier>
                    <physDesc>
                        <handDesc><!-- Add <handNote>s if needed. -->
                            <handNote xml:id="U"><label>Unknown Hand</label> This hand is unknown
                                but thought not to be the author's.</handNote>
                        </handDesc>
                    </physDesc>
                </msDesc>
                <bibl type="sourceMetadata">
                    <title>Extract from Diary</title><!-- Change -->
                    <author xml:id="DL">Wainwright, Jacob, ?-1892</author>
                    <date type="composition" from="1873-05-01" to="1873-06-01">May-June 1873</date><!-- Change, including attributes -->
                    <placeName type="compositionPlace">[East Africa]</placeName><!-- Change -->
                </bibl>
            </sourceDesc>
        </fileDesc>
        <profileDesc>
            <langUsage>
				<!-- For language abbreviations, see https://www.iana.org/assignments/language-subtag-registry/language-subtag-registry --> 
				<!-- English should be first, then add all other languages in alphabetical order. -->
                <language ident="en">English</language>
            </langUsage>
        </profileDesc>
        <revisionDesc>
			<!-- Change @when, @who, and work description below. -->
			<!-- Note that @who initials are taken from <respStmt> above -->
			<!-- Add new <change> elements below as needed. -->
			<!-- Note that the most recent <change> should always be placed first, at the top -->
            <change when="2018-01-31" who="#AM">Transcription and TEI encoding</change>
        </revisionDesc>
    </teiHeader>

    <text>
       	<body>
			<div>

	<pb facs="liv_000074_0001" n="0001"/><!-- Change and repeat as necessary. Always indent <pb>, as here. -->
<lb/><p><!-- Text goes here --></p>

			</div>
		</body>	

    </text>
</TEI>
